Form_1,Form_2,Form_3,Form_4,Form_5,Form_6
ITEM0176,ITEM0045,ITEM0092,ITEM0104,ITEM0039,ITEM0066
ITEM0177,ITEM0047,ITEM0106,ITEM0105,ITEM0040,ITEM0067
ITEM0178,ITEM0142,ITEM0107,ITEM0195,ITEM0042,ITEM0094
ITEM0257,ITEM0143,ITEM0198,ITEM0196,ITEM0075,ITEM0095
ITEM0263,ITEM0144,ITEM0199,ITEM0224,ITEM0076,ITEM0096
ITEM0264,ITEM0146,ITEM0255,ITEM0225,ITEM0077,ITEM0155
ITEM0310,ITEM0148,ITEM0256,ITEM0226,ITEM0173,ITEM0156
ITEM0311,ITEM0235,ITEM0280,ITEM0227,ITEM0174,ITEM0157
ITEM0037,ITEM0236,ITEM0281,ITEM0249,ITEM0175,ITEM0158
ITEM0043,ITEM0237,ITEM0283,ITEM0260,ITEM0204,ITEM0159
ITEM0129,ITEM0238,ITEM0284,ITEM0261,ITEM0018,ITEM0160
ITEM0131,ITEM0250,ITEM0291,ITEM0262,ITEM0080,ITEM0166
ITEM0234,ITEM0251,ITEM0292,ITEM0275,ITEM0091,ITEM0167
ITEM0312,ITEM0285,ITEM0309,ITEM0057,ITEM0243,ITEM0169
ITEM0363,ITEM0286,ITEM0345,ITEM0179,ITEM0279,ITEM0170
ITEM0378,ITEM0287,ITEM0346,ITEM0313,ITEM0344,ITEM0171
ITEM0379,ITEM0288,ITEM0369,ITEM0314,ITEM0348,ITEM0172
ITEM0392,ITEM0289,ITEM0370,ITEM0323,ITEM0351,ITEM0181
ITEM0394,ITEM0364,ITEM0044,ITEM0381,ITEM0383,ITEM0182
ITEM0401,ITEM0365,ITEM0228,ITEM0386,ITEM0391,ITEM0183
ITEM0407,ITEM0079,ITEM0233,ITEM0397,ITEM0402,ITEM0184
ITEM0417,ITEM0212,ITEM0362,ITEM0399,ITEM0411,ITEM0185
ITEM0430,ITEM0290,ITEM0404,ITEM0400,ITEM0418,ITEM0253
ITEM0436,ITEM0350,ITEM0409,ITEM0433,ITEM0437,ITEM0254
ITEM0440,ITEM0377,ITEM0410,ITEM0439,ITEM0441,ITEM0265
ITEM0442,ITEM0389,ITEM0419,ITEM0444,ITEM0457,ITEM0266
ITEM0448,ITEM0395,ITEM0432,ITEM0452,ITEM0458,ITEM0267
ITEM0460,ITEM0398,ITEM0445,ITEM0456,ITEM0473,ITEM0296
ITEM0467,ITEM0413,ITEM0453,ITEM0471,ITEM0482,ITEM0297
ITEM0477,ITEM0426,ITEM0454,ITEM0480,ITEM0487,ITEM0298
ITEM0496,ITEM0438,ITEM0455,ITEM0514,ITEM0494,ITEM0329
ITEM0499,ITEM0451,ITEM0466,ITEM0543,ITEM0510,ITEM0330
ITEM0512,ITEM0464,ITEM0481,ITEM0547,ITEM0526,ITEM0030
ITEM0517,ITEM0470,ITEM0490,ITEM0561,ITEM0535,ITEM0078
ITEM0538,ITEM0479,ITEM0498,ITEM0566,ITEM0537,ITEM0132
ITEM0565,ITEM0489,ITEM0501,ITEM0577,ITEM0539,ITEM0168
ITEM0567,ITEM0492,ITEM0503,ITEM0579,ITEM0542,ITEM0252
ITEM0568,ITEM0502,ITEM0506,ITEM0585,ITEM0554,ITEM0268
ITEM0572,ITEM0505,ITEM0513,ITEM0586,ITEM0564,ITEM0316
ITEM0587,ITEM0511,ITEM0529,ITEM0599,ITEM0578,ITEM0331
ITEM0590,ITEM0520,ITEM0532,ITEM0617,ITEM0588,ITEM0352
ITEM0595,ITEM0525,ITEM0555,ITEM0619,ITEM0592,ITEM0393
ITEM0602,ITEM0563,ITEM0559,ITEM0620,ITEM0593,ITEM0412
ITEM0604,ITEM0574,ITEM0573,ITEM0624,ITEM0594,ITEM0427
ITEM0615,ITEM0581,ITEM0584,ITEM0625,ITEM0601,ITEM0428
ITEM0628,ITEM0591,ITEM0589,ITEM0636,ITEM0606,ITEM0485
ITEM0641,ITEM0598,ITEM0665,ITEM0640,ITEM0607,ITEM0497
ITEM0654,ITEM0614,ITEM0667,ITEM0648,ITEM0610,ITEM0544
ITEM0679,ITEM0626,ITEM0668,ITEM0656,ITEM0611,ITEM0570
ITEM0684,ITEM0629,ITEM0671,ITEM0658,ITEM0618,ITEM0600
ITEM0685,ITEM0638,ITEM0672,ITEM0660,ITEM0621,ITEM0613
ITEM0687,ITEM0639,ITEM0674,ITEM0661,ITEM0623,ITEM0616
ITEM0689,ITEM0646,ITEM0677,ITEM0669,ITEM0630,ITEM0634
ITEM0690,ITEM0663,ITEM0692,ITEM0675,ITEM0633,ITEM0643
ITEM0713,ITEM0664,ITEM0700,ITEM0682,ITEM0644,ITEM0645
ITEM0715,ITEM0666,ITEM0702,ITEM0688,ITEM0647,ITEM0659
ITEM0717,ITEM0670,ITEM0703,ITEM0695,ITEM0673,ITEM0698
ITEM0735,ITEM0714,ITEM0705,ITEM0699,ITEM0718,ITEM0722
ITEM0737,ITEM0719,ITEM0709,ITEM0727,ITEM0721,ITEM0723
ITEM0749,ITEM0741,ITEM0730,ITEM0731,ITEM0743,ITEM0726
ITEM0009,ITEM0009,ITEM0009,ITEM0009,ITEM0009,ITEM0009
ITEM0017,ITEM0017,ITEM0017,ITEM0017,ITEM0017,ITEM0017
ITEM0024,ITEM0024,ITEM0024,ITEM0024,ITEM0024,ITEM0024
ITEM0026,ITEM0026,ITEM0026,ITEM0026,ITEM0026,ITEM0026
ITEM0031,ITEM0031,ITEM0031,ITEM0031,ITEM0031,ITEM0031
ITEM0041,ITEM0041,ITEM0041,ITEM0041,ITEM0041,ITEM0041
ITEM0054,ITEM0054,ITEM0054,ITEM0054,ITEM0054,ITEM0054
ITEM0056,ITEM0056,ITEM0056,ITEM0056,ITEM0056,ITEM0056
ITEM0631,ITEM0631,ITEM0631,ITEM0631,ITEM0631,ITEM0631
ITEM0683,ITEM0683,ITEM0683,ITEM0683,ITEM0683,ITEM0683
ITEM0694,ITEM0694,ITEM0694,ITEM0694,ITEM0694,ITEM0694
ITEM0707,ITEM0707,ITEM0707,ITEM0707,ITEM0707,ITEM0707
ITEM0728,ITEM0728,ITEM0728,ITEM0728,ITEM0728,ITEM0728
ITEM0736,ITEM0736,ITEM0736,ITEM0736,ITEM0736,ITEM0736
ITEM0740,ITEM0740,ITEM0740,ITEM0740,ITEM0740,ITEM0740
ITEM0745,ITEM0745,ITEM0745,ITEM0745,ITEM0745,ITEM0745
ITEM0746,ITEM0746,ITEM0746,ITEM0746,ITEM0746,ITEM0746
ITEM0747,ITEM0747,ITEM0747,ITEM0747,ITEM0747,ITEM0747
ITEM0748,ITEM0748,ITEM0748,ITEM0748,ITEM0748,ITEM0748
ITEM0750,ITEM0750,ITEM0750,ITEM0750,ITEM0750,ITEM0750
